1,689,0.027596
2,179,0.014674
2,587,0.054357
2,474,0.090556
2,287,0.057803
2,126,0.052534
2,590,0.014531
2,289,0.029213
2,530,0.025388
2,291,0.048103
2,848,0.039358
2,267,0.066744
2,1177,0.006709
2,920,0.002605
2,689,0.017806
2,1785,0.033969
2,923,0.020519
2,417,0.022435
2,1619,0.030353
2,1040,0.102001
2,656,0.017005
2,1432,0.049763
2,486,0.016173
2,786,0.022368
2,1138,0.031606
2,1423,0.056448
2,425,0.039741
2,1365,0.003288
2,19,0.016127
2,1327,0.008892
2,1025,0.012241
2,132,0.016403
2,866,0.014601
2,1694,0.006098
2,1443,0.035085
2,608,0.008013
2,249,0.003288
2,609,0.028086
2,1867,0.022027
2,1345,0.007119
2,99,0.061455
2,1850,0.034199
2,769,0.008278
2,167,0.088337
2,127,0.011964
2,883,0.010026
2,318,0.017506
2,1384,0.067327
2,1389,0.011223
2,260,0.017588
2,1455,0.005667
2,78,0.029568
2,1168,0.077109
2,968,0.041147
2,944,0.003951
2,752,0.012143
2,56,0.023894
2,690,0.008931
2,960,0.045586
2,766,0.021098
2,1093,0.041450
2,1464,0.031928
2,1720,0.051710
2,36,0.001995
2,1020,0.026910
2,983,0.021697
2,398,0.006154
2,1193,0.527237
2,207,0.012785
2,1287,0.032399
2,298,0.049565
2,1158,0.012179
2,1876,0.029881
2,1241,0.020293
2,1789,0.036280
2,471,0.035514
2,1782,0.024492
2,1788,0.027249
2,913,0.083270
3,867,0.031283
3,1829,0.006395
3,689,0.048267
3,628,0.007245
5,499,0.030152
5,1423,0.016666
5,896,0.022811
5,1621,0.027435
5,982,0.015113
5,677,0.014660
5,290,0.013055
5,467,0.018172
5,1245,0.008254
5,717,0.007769
5,1557,0.038107
5,894,0.103247
5,471,0.257228
5,820,0.002299
5,1549,0.017808
5,1320,0.023849
5,127,0.031061
5,1259,0.025590
5,1721,0.122175
5,1311,0.147224
5,1660,0.007995
5,864,0.020779
5,1758,0.003182
5,608,0.013729
5,1476,0.017003
5,1297,0.071184
5,1593,0.007608
5,1763,0.035949
5,585,0.023476
5,1636,0.012352
6,170,0.019887
6,358,0.050089
6,1739,0.020231
6,628,0.022851
6,827,0.029372
6,1414,0.009281
7,689,0.014587
8,1259,0.023492
8,814,0.006513
8,1808,0.080063
8,67,0.005344
8,488,0.205663
8,148,0.026601
8,751,0.025638
9,351,0.050028
9,1414,0.009076
11,1414,0.017714
11,1726,0.052922
11,1634,0.103632
11,1732,0.041010
14,1739,0.007930
14,62,0.007023
15,913,0.003392
16,432,0.075749
16,1370,0.011987
16,738,0.020958
18,1374,0.012754
19,899,0.036393
19,1147,0.035960
19,1533,0.003673
19,26,0.053218
19,682,0.020071
19,1067,0.012376
19,1108,0.005870
19,523,0.042729
19,1443,0.110539
20,580,0.003362
21,1414,0.042523
21,628,0.008925
21,1254,0.107698
21,340,0.024025
22,1673,0.035952
22,383,0.023933
22,1201,0.021116
24,383,0.031474
24,514,0.066543
24,1416,0.014092
24,1185,0.042307
25,1197,0.096604
25,1739,0.016365
26,1374,0.012466
26,109,0.056568
26,1892,0.015019
26,913,0.014032
26,319,0.011688
26,1841,0.213467
26,460,0.005643
27,713,0.038578
27,1673,0.008971
27,319,0.046574
27,628,0.003505
27,62,0.015531
28,303,0.045429
29,1736,0.012151
29,754,0.013694
29,984,0.024011
29,1033,0.007918
29,1867,0.005041
29,1706,0.031156
29,176,0.005682
29,717,0.007436
29,654,0.025576
29,432,0.003700
29,1249,0.236290
29,928,0.073637
29,1308,0.012130
29,1287,0.005061
29,605,0.017892
29,868,0.013194
29,996,0.020480
29,188,0.048210
29,1739,0.019595
29,669,0.022738
29,798,0.079210
29,628,0.005850
29,1383,0.014009
29,769,0.011975
29,880,0.027752
29,592,0.008465
29,477,0.039891
29,1007,0.020931
29,35,0.005747
29,567,0.035214
29,957,0.007287
29,686,0.072813
29,823,0.014857
29,1660,0.013506
29,265,0.015674
29,67,0.003386
29,1589,0.009732
29,817,0.059408
29,1169,0.018580
29,245,0.066907
29,899,0.012147
29,1411,0.015965
29,849,0.194977
29,1871,0.002606
29,698,0.028035
29,57,0.065788
29,638,0.022174
29,290,0.017952
29,1785,0.017255
29,1726,0.005432
29,517,0.035047
29,467,0.079485
29,1598,0.021057
29,1483,0.038573
29,404,0.009483
29,1911,0.089515
29,1670,0.010108
30,312,0.062050
31,1739,0.044824
31,1201,0.018610
31,319,0.048834
32,1226,0.023540
33,823,0.043100
33,1193,0.005396
33,530,0.003186
33,1867,0.006439
33,1177,0.007980
33,560,0.053360
33,352,0.003128
33,989,0.018349
33,654,0.017284
33,924,0.067495
33,1662,0.105715
33,84,0.014985
33,928,0.009052
33,127,0.008398
33,1287,0.010270
33,1279,0.084337
33,1312,0.047792
33,1207,0.083389
33,493,0.008885
33,1015,0.007749
33,180,0.049021
33,1694,0.025141
33,1095,0.007408
33,869,0.018227
33,1232,0.050136
33,1700,0.003668
33,874,0.030424
33,743,0.007949
33,769,0.013732
33,880,0.017529
33,317,0.016581
33,777,0.020606
33,424,0.008279
33,1388,0.010741
33,747,0.007277
33,810,0.044252
33,679,0.002727
33,322,0.031131
33,324,0.016303
33,751,0.106174
33,1221,0.059524
33,1660,0.076736
33,148,0.006044
33,688,0.003211
33,479,0.006625
33,589,0.025064
33,101,0.003196
33,102,0.011633
33,575,0.010257
33,455,0.013822
33,1467,0.018688
33,457,0.019511
33,205,0.016916
33,899,0.013157
33,106,0.030174
33,1844,0.003141
33,1179,0.007434
33,1180,0.024768
33,698,0.049205
33,1784,0.048204
33,219,0.019519
33,1361,0.043769
33,1266,0.190286
33,1476,0.030110
33,1372,0.128653
33,332,0.005286
33,337,0.064364
33,209,0.012358
33,492,0.008816
33,893,0.121097
33,1290,0.010819
33,1236,0.005551
33,439,0.024757
35,709,0.047266
35,1673,0.026420
35,912,0.010778
35,1727,0.037477
35,1228,0.049592
35,432,0.032208
35,1254,0.031530
35,549,0.030669
35,1785,0.006583
35,340,0.039333
35,1293,0.055160
35,353,0.021076
35,289,0.006301
35,1829,0.028791
35,1414,0.019279
35,628,0.055259
35,403,0.030592
35,1872,0.026333
35,951,0.007711
1595,1739,0.015086
37,1673,0.019910
37,628,0.044131
37,61,0.003368
38,78,0.056714
38,1733,0.050493
38,1842,0.008526
38,845,0.043946
38,1426,0.003919
38,290,0.018533
38,1269,0.005887
38,533,0.011739
38,270,0.002055
38,1038,0.020513
38,1652,0.015745
38,894,0.013210
38,766,0.013973
38,1654,0.021685
38,1084,0.027170
38,422,0.006362
38,506,0.087362
38,970,0.043086
38,1065,0.122857
38,1650,0.022321
38,1688,0.013957
38,1814,0.065881
38,1265,0.012295
38,1756,0.015958
38,1454,0.011015
38,1374,0.008458
38,1872,0.031028
38,1203,0.004986
38,1569,0.010310
38,732,0.012373
38,1072,0.036098
38,221,0.011098
38,682,0.047845
38,1724,0.139318
38,1054,0.002451
38,1516,0.010265
38,428,0.035368
38,1322,0.015052
38,676,0.007884
40,62,0.004474
41,1374,0.002264
42,914,0.011644
42,1205,0.011278
42,928,0.016094
43,315,0.015396
43,119,0.003287
43,762,0.023097
43,176,0.012386
43,1157,0.016226
43,894,0.051134
43,86,0.018731
43,817,0.036535
43,751,0.008131
43,1433,0.068902
43,455,0.024120
43,928,0.008518
43,127,0.032246
43,467,0.068683
43,899,0.042995
43,240,0.013706
43,1845,0.005185
43,1132,0.111633
43,428,0.164048
43,1758,0.001953
43,1726,0.007404
43,1476,0.016541
43,1079,0.067492
43,1787,0.026519
43,1763,0.010889
43,87,0.023638
43,197,0.076424
44,319,0.067293
44,432,0.014177
44,1240,0.171786
44,1444,0.010180
45,216,0.012895
45,704,0.034809
45,1469,0.040236
45,1739,0.020349
45,1872,0.086721
45,1153,0.088590
45,1507,0.052325
45,1374,0.054161
45,1892,0.002499
45,1275,0.222373
45,1063,0.030332
45,913,0.013869
45,921,0.047246
45,1542,0.014356
47,628,0.015925
636,628,0.060001
636,1240,0.029915
636,867,0.021625
636,617,0.005591
51,563,0.081975
51,319,0.004563
51,497,0.031429
54,1673,0.014330
54,1841,0.005837
55,1410,0.028946
56,86,0.028280
57,1643,0.072196
57,1410,0.019388
57,628,0.018139
57,1739,0.008141
57,62,0.027072
58,71,0.046582
59,805,0.260656
59,1692,0.075804
59,1079,0.006209
59,679,0.191394
59,628,0.006428
59,1226,0.047155
59,1293,0.002795
59,780,0.009147
59,1390,0.102719
59,1643,0.024278
59,689,0.017333
59,1416,0.013945
60,780,0.004931
60,1416,0.004370
60,738,0.003725
61,1826,0.055532
61,286,0.009328
61,409,0.002828
61,587,0.026015
61,530,0.038357
61,712,0.040106
61,1550,0.074328
61,1426,0.007554
61,923,0.016991
61,654,0.020846
61,536,0.009497
61,298,0.082089
61,358,0.008322
61,1365,0.094492
61,370,0.004688
61,928,0.010697
61,726,0.409511
61,426,0.004585
61,155,0.009724
61,1047,0.040350
61,428,0.010374
61,663,0.133747
61,1049,0.016978
61,188,0.012229
61,147,0.036240
61,1666,0.012925
61,611,0.055229
61,1160,0.020673
61,816,0.019530
61,1150,0.027935
61,440,0.028285
61,1105,0.149053
61,1640,0.059112
61,777,0.126884
61,140,0.020821
61,1621,0.007674
61,448,0.009884
61,1389,0.002925
61,1711,0.078531
61,1166,0.006547
61,565,0.032509
61,1167,0.002753
61,567,0.025457
61,261,0.028994
61,1274,0.037218
61,205,0.012129
61,264,0.008590
61,1539,0.034103
61,689,0.010424
61,1815,0.056866
61,1402,0.010072
61,340,0.010009
61,1903,0.054012
61,1467,0.004039
61,36,0.007272
61,1470,0.014424
61,1845,0.001147
61,1179,0.010107
61,1392,0.014170
61,698,0.010015
61,1232,0.012403
61,1140,0.020259
61,404,0.003339
61,162,0.311560
61,1687,0.072643
61,513,0.073751
61,278,0.026895
61,410,0.061197
61,1734,0.012417
61,524,0.007437
61,840,0.075955
61,1441,0.101634
61,648,0.005914
62,306,0.010188
62,590,0.037294
62,1549,0.021352
62,1802,0.027085
62,716,0.013947
62,758,0.010758
62,988,0.044447
62,1429,0.007904
62,952,0.047485
62,1037,0.074298
62,358,0.022240
62,542,0.022897
62,1765,0.022377
62,127,0.010052
62,1259,0.014817
62,859,0.011264
62,491,0.022699
62,1814,0.021248
62,731,0.024855
62,246,0.006447
62,1693,0.049602
62,996,0.019187
62,733,0.162727
62,998,0.019136
62,1865,0.018757
62,1099,0.001852
62,496,0.004800
62,615,0.025249
62,1851,0.016078
62,883,0.006308
62,173,0.089043
62,1621,0.011415
62,1320,0.064530
62,141,0.042784
62,1328,0.038860
62,1513,0.010866
62,1660,0.038458
62,504,0.082271
62,631,0.042816
62,1514,0.005702
62,1801,0.045723
62,1721,0.026410
62,765,0.010445
62,1265,0.026388
62,1179,0.008283
62,640,0.092431
62,1128,0.014872
62,1476,0.163162
62,644,0.010688
62,536,0.021881
62,409,0.010781
62,650,0.019524
62,1739,0.012177
62,1317,0.020342
62,67,0.003102
62,1869,0.009906
62,274,0.064665
62,1144,0.010309
62,534,0.008108
62,1618,0.022212
62,407,0.034676
62,1142,0.020419
62,1842,0.005785
62,475,0.003603
62,1502,0.024554
62,182,0.005556
62,933,0.162300
62,1047,0.037810
62,611,0.026095
62,1507,0.014054
62,188,0.023616
62,1376,0.038094
62,162,0.028931
62,1787,0.005031
62,1762,0.014368
62,1634,0.027409
62,1264,0.016998
62,316,0.034454
62,1455,0.018094
62,1517,0.008434
62,1638,0.046348
62,547,0.097132
62,1850,0.034500
62,201,0.027634
62,1811,0.041123
62,94,0.013837
62,322,0.234006
62,1058,0.015177
62,1523,0.007335
62,823,0.032287
62,207,0.030442
62,1563,0.006877
62,1270,0.016155
62,962,0.002806
62,159,0.020600
62,878,0.106107
62,969,0.005186
62,305,0.004283
62,1906,0.010706
62,1180,0.015262
62,840,0.016985
62,1286,0.020408
62,467,0.013333
62,688,0.145436
62,1874,0.035875
62,1469,0.060643
62,470,0.018811
62,1668,0.006806
63,231,0.005194
63,1199,0.019740
63,628,0.009239
63,1226,0.007003
63,1732,0.005858
64,1147,0.022836
64,1502,0.007173
64,290,0.067764
64,1009,0.036341
64,502,0.062201
64,1660,0.061374
64,504,0.020637
64,577,0.029098
64,1543,0.023760
64,657,0.005654
64,318,0.041467
64,486,0.011746
64,1280,0.132065
64,1721,0.011684
64,1311,0.019123
64,1533,0.004122
64,864,0.107296
64,1196,0.010193
64,250,0.017997
64,110,0.005172
64,1761,0.004576
64,1053,0.109331
64,1609,0.061132
64,388,0.045710
65,109,0.014503
65,1374,0.041511
65,1739,0.016400
65,704,0.049251
1623,689,0.023534
1623,1739,0.061404
66,675,0.036128
67,628,0.102263
67,497,0.003097
67,1275,0.034766
67,1370,0.032021
67,549,0.182114
67,86,0.061369
67,675,0.041552
67,1804,0.006690
67,1108,0.014328
67,412,0.015791
67,153,0.016729
67,1634,0.004663
67,1643,0.004820
67,689,0.011163
67,694,0.005304
67,704,0.010131
67,1673,0.009831
67,1717,0.039068
67,720,0.044606
67,1201,0.020521
67,853,0.018937
67,912,0.045913
67,1726,0.008579
67,282,0.019115
67,289,0.021970
67,1767,0.026626
67,827,0.063583
67,353,0.039538
67,879,0.030181
67,1829,0.023172
67,1414,0.054323
67,1872,0.005395
67,1374,0.004051
67,1375,0.030061
67,913,0.007792
67,1416,0.027532
68,628,0.022077
70,1673,0.113661
70,1254,0.015404
70,1240,0.038234
70,1870,0.014881
71,467,0.018337
71,127,0.007395
71,1422,0.020443
71,1320,0.008722
71,1297,0.061742
71,1476,0.103597
71,1692,0.041134
71,1829,0.005920
71,494,0.019710
73,290,0.016055
73,127,0.028042
73,412,0.012077
73,1721,0.021182
73,235,0.010404
74,1643,0.016980
74,1829,0.077742
74,867,0.012764
74,879,0.027391
75,305,0.011436
75,564,0.042108
75,682,0.057807
75,901,0.039702
75,685,0.006883
75,1485,0.051763
76,1643,0.024913
76,1739,0.003508
76,1390,0.033112
77,460,0.002778
78,628,0.087017
78,1374,0.009970
78,1892,0.023652
78,827,0.088610
78,1726,0.008935
78,689,0.013506
79,1374,0.015686
80,689,0.025686
82,1390,0.029459
82,1410,0.005367
82,628,0.005215
83,467,0.005727
83,1476,0.397669
83,1821,0.007447
83,781,0.066308
83,471,0.025607
83,1758,0.006744
83,127,0.115748
991,403,0.019050
86,1734,0.019988
86,915,0.079600
86,1797,0.009056
86,1614,0.040468
86,982,0.037449
86,866,0.004063
86,677,0.041026
86,781,0.149826
86,1491,0.005134
86,1245,0.015800
86,1554,0.014730
86,717,0.044206
86,1558,0.268118
86,1147,0.027953
86,931,0.017210
86,1433,0.024705
86,423,0.004300
86,127,0.012570
86,1811,0.043317
86,426,0.011282
86,1311,0.012600
86,1860,0.098674
86,428,0.035301
86,843,0.068663
86,1758,0.056172
86,608,0.005402
86,1096,0.017251
86,290,0.116514
86,870,0.010061
86,455,0.019733
86,1160,0.154318
86,1763,0.034273
86,1636,0.009655
86,882,0.026841
86,1621,0.013786
86,554,0.223332
86,1227,0.011636
86,1151,0.061949
86,501,0.015991
86,1646,0.029882
86,1522,0.043976
86,1297,0.048164
86,823,0.049431
86,1660,0.022701
86,1652,0.011033
86,1681,0.023691
86,894,0.054266
86,211,0.002745
86,188,0.061771
86,453,0.031046
86,103,0.009059
86,1019,0.022135
86,36,0.005797
86,1821,0.014064
86,577,0.002195
86,459,0.011785
86,503,0.020750
86,1848,0.007822
86,467,0.002961
86,828,0.056264
86,829,0.014283
86,1604,0.007018
86,1476,0.005740
86,1478,0.016278
86,815,0.145445
86,341,0.008905
88,231,0.027691
88,1199,0.012249
88,580,0.014393
88,1732,0.004824
90,373,0.030172
90,1153,0.002768
90,1374,0.032842
92,1237,0.048136
1880,1254,0.007751
94,231,0.023559
94,1199,0.009481
94,373,0.021342
94,1643,0.024191
94,1185,0.004630
94,319,0.015128
94,1226,0.009135
94,1739,0.008286
94,580,0.009194
94,1732,0.024932
95,289,0.051769
95,954,0.026330
95,1829,0.152839
95,1673,0.015425
95,1726,0.002016
95,1739,0.018343
95,827,0.015485
98,109,0.016442
99,1226,0.004141
100,231,0.025028
101,1673,0.006392
101,1414,0.012552
101,628,0.041556
101,954,0.020899
101,827,0.063122
102,358,0.025211
102,879,0.037814
102,679,0.019598
102,1414,0.011737
102,1050,0.044790
102,780,0.023305
102,1374,0.025803
102,689,0.041926
102,1285,0.017835
103,216,0.029033
103,1471,0.023707
103,514,0.014598
103,538,0.022113
103,549,0.010641
103,1507,0.008454
103,1050,0.018040
103,1804,0.042147
103,1063,0.006720
103,410,0.031985
103,1753,0.114178
103,805,0.012122
103,611,0.010142
103,182,0.028383
103,1634,0.075293
103,689,0.005308
103,704,0.011108
103,492,0.017832
103,1667,0.030707
103,1469,0.010410
103,720,0.007926
103,675,0.008612
103,904,0.025075
103,289,0.014156
103,1739,0.012580
103,297,0.014296
103,789,0.004926
103,1767,0.021399
103,319,0.070021
103,1275,0.016647
103,396,0.030503
103,400,0.006787
103,403,0.027472
103,412,0.007633
103,921,0.016996
103,1872,0.001367
103,1374,0.010951
103,951,0.009214
103,1892,0.002955
103,159,0.017614
103,1870,0.018539
104,460,0.046849
104,1643,0.034395
104,1374,0.035215
104,1739,0.003408
104,1185,0.114847
106,1085,0.008844
106,1864,0.018318
106,679,0.035369
106,1726,0.033026
106,1275,0.007273
106,1739,0.013674
106,1507,0.013414
106,1374,0.099914
106,1050,0.008082
106,913,0.026466
107,675,0.026475
107,1374,0.061568
107,1667,0.004836
109,1422,0.003490
109,1147,0.064166
109,982,0.087561
109,319,0.059600
109,1297,0.008062
109,682,0.320355
109,202,0.050685
109,1551,0.017768
109,1196,0.004774
109,1359,0.015424
109,207,0.011893
109,1327,0.020457
109,413,0.014432
109,656,0.016956
109,557,0.144535
109,467,0.017480
109,1311,0.237730
109,1194,0.013438
109,677,0.251744
109,1207,0.028346
109,1374,0.038410
109,1443,0.017820
109,608,0.017502
109,290,0.021989
109,607,0.010314
109,1536,0.017688
109,504,0.012673
109,1476,0.012776
109,1157,0.050039
109,471,0.085017
109,759,0.035727
109,372,0.010408
109,1727,0.095358
109,1385,0.021030
110,312,0.008974
110,1414,0.007233
110,340,0.012729
111,1374,0.008997
1865,383,0.004330
1865,628,0.010736
1865,827,0.050112
1391,982,0.014529
1391,196,0.008746
113,1374,0.061402
114,628,0.006168
114,353,0.011655
114,1370,0.112761
114,432,0.018298
114,580,0.017881
115,1643,0.014134
115,216,0.020524
116,216,0.001230
116,1414,0.065511
116,1370,0.011351
116,628,0.042962
116,1726,0.020222
116,1872,0.002131
116,1237,0.032742
116,1767,0.008714
117,1829,0.036159
119,1254,0.075225
120,460,0.112191
120,282,0.025890
120,1374,0.023382
122,431,0.029991
122,443,0.007936
122,738,0.001030
124,1673,0.034491
124,1200,0.027084
124,1374,0.015462
124,1416,0.009297
126,319,0.079805
126,1739,0.009155
127,351,0.008753
127,1050,0.026737
127,1054,0.009421
127,584,0.022416
127,1063,0.010109
127,1079,0.026213
127,1829,0.008748
127,1108,0.028096
127,143,0.015450
127,153,0.026212
127,498,0.051445
127,170,0.121638
127,182,0.013065
127,1469,0.021091
127,216,0.006875
127,492,0.003300
127,262,0.013831
127,263,0.007103
127,1228,0.125534
127,282,0.083130
127,1254,0.004063
127,319,0.094723
127,340,0.034569
127,358,0.048854
127,373,0.010318
127,396,0.005967
127,400,0.017252
127,403,0.023067
127,412,0.003437
127,1892,0.007102
127,1374,0.005095
127,433,0.006446
127,750,0.069654
127,705,0.114235
127,853,0.049478
127,453,0.004577
127,921,0.009852
127,479,0.079190
127,497,0.044896
127,554,0.019680
127,1464,0.007843
127,1717,0.018397
127,1197,0.003530
127,1471,0.062198
127,1275,0.003882
127,1293,0.014402
127,1507,0.031418
127,563,0.010433
127,1542,0.045838
127,410,0.026003
127,1753,0.007338
127,600,0.080266
127,611,0.015711
127,628,0.001022
127,1072,0.014441
127,1615,0.022784
127,1624,0.007113
127,1639,0.018924
127,1643,0.016855
127,689,0.004286
127,704,0.004905
127,1667,0.145797
127,713,0.039577
127,720,0.051094
127,1692,0.028490
127,1726,0.021789
127,1739,0.004004
127,951,0.199855
127,789,0.006506
127,904,0.015329
127,1767,0.004009
127,805,0.012025
127,159,0.009222
127,827,0.007461
127,1785,0.006652
127,1804,0.018241
127,867,0.014240
127,456,0.037343
127,913,0.008806
127,1414,0.009393
127,1854,0.007510
127,1869,0.003580
127,1872,0.007656
127,929,0.064788
127,1902,0.012961
128,679,0.009281
128,383,0.010106
128,1226,0.178633
128,1199,0.005813
128,1201,0.089877
128,231,0.028277
128,1185,0.096630
128,1732,0.172431
131,1254,0.029975
131,549,0.006127
131,912,0.029595
132,1739,0.010045
132,1374,0.037576
133,1444,0.010709
133,432,0.007956
134,584,0.057130
134,1739,0.050880
134,689,0.005805
134,1726,0.013056
134,403,0.014772
139,1414,0.002895
139,628,0.005497
139,1726,0.073905
139,1872,0.038151
139,1634,0.015344
139,1767,0.029335
139,1416,0.004160
141,1673,0.009561
141,216,0.021645
141,904,0.043124
141,1767,0.004487
141,1872,0.058529
141,538,0.004214
141,1507,0.014738
141,1643,0.004098
141,789,0.026229
141,1870,0.048495
142,1739,0.007240
143,467,0.002889
143,1259,0.003937
143,1142,0.009588
143,656,0.016954
143,1280,0.012546
143,1297,0.015027
1615,467,0.011120
1615,465,0.026732
1615,1320,0.010894
1615,781,0.002283
1615,1297,0.014747
1615,1758,0.018636
1615,1259,0.041489
1615,290,0.012405
1615,1502,0.094699
1615,1429,0.010232
1615,893,0.009821
1615,488,0.012387
146,231,0.025900
146,1185,0.001153
146,1199,0.036494
148,403,0.010878
148,1739,0.005220
148,1416,0.068991
150,1673,0.121670
150,738,0.023474
150,1767,0.003325
150,1829,0.013529
150,1414,0.009074
150,1727,0.049812
150,353,0.032380
150,1254,0.053820
150,340,0.037162
151,1240,0.005358
986,1643,0.004541
153,777,0.021058
153,1501,0.371810
153,1147,0.010271
153,467,0.015757
153,529,0.026211
153,810,0.082152
153,1297,0.016847
153,682,0.022806
153,565,0.007634
153,293,0.191185
153,175,0.025481
153,176,0.032630
153,1743,0.017207
153,295,0.022751
153,1306,0.039701
153,1259,0.040309
153,1294,0.017166
153,1374,0.018093
153,975,0.030368
153,1096,0.002952
153,1415,0.033851
153,222,0.005016
153,672,0.006245
153,1053,0.040376
153,743,0.004302
153,1850,0.007506
156,1612,0.076096
156,1295,0.016065
158,231,0.034441
158,1199,0.009061
158,1226,0.005906
158,1185,0.097442
158,1732,0.006392
159,1476,0.013054
159,577,0.023446
159,465,0.037962
159,467,0.144751
159,781,0.111276
159,1297,0.036304
159,1758,0.001816
159,891,0.003479
159,1660,0.004211
159,1699,0.023409
159,705,0.041505
159,879,0.047417
161,1374,0.003205
161,319,0.189405
161,689,0.036085
162,1739,0.015569
163,1804,0.003567
163,805,0.062457
163,1051,0.048239
163,433,0.003670
163,689,0.012562
163,182,0.126277
163,514,0.353926
163,1739,0.023566
164,1185,0.020274
166,1374,0.034815
170,467,0.019876
170,1311,0.030538
170,982,0.007910
170,698,0.369726
170,894,0.013669
170,1196,0.032772
170,1245,0.013210
170,1259,0.004001
170,1660,0.005719
170,471,0.025894
170,318,0.081575
170,1476,0.002245
170,1821,0.005171
170,492,0.065981
170,1763,0.022303
170,1636,0.018831
170,1557,0.031904
173,1854,0.012433
173,689,0.014653
173,1643,0.004788
173,1285,0.044580
173,1072,0.008795
174,1507,0.003795
174,720,0.047318
174,1739,0.008445
174,1469,0.005078
174,538,0.004693
174,1050,0.016992
174,1892,0.024578
174,1829,0.016268
174,1275,0.062888
175,514,0.011860
1115,628,0.004457
1115,827,0.022597
1115,1726,0.040134
1129,679,0.134844
1129,1226,0.005495
178,1892,0.046662
179,318,0.001222
179,1251,0.002662
179,1297,0.058986
179,816,0.024886
179,188,0.002409
179,417,0.024535
179,407,0.020562
179,960,0.007472
179,388,0.005545
179,656,0.091193
179,1464,0.006685
179,1593,0.053236
179,249,0.035901
179,1644,0.015863
179,1423,0.018251
179,1258,0.004054
179,1280,0.029873
179,467,0.044970
179,1345,0.041388
179,1821,0.023277
179,888,0.022591
179,1763,0.014441
179,690,0.028127
182,441,0.012905
182,1376,0.004119
182,1424,0.009177
182,36,0.002240
182,290,0.004007
182,1476,0.014490
182,1259,0.010363
182,1297,0.014339
182,1897,0.010421
182,1660,0.010180
182,654,0.004482
182,1557,0.041802
182,894,0.024728
182,1593,0.033314
182,1811,0.018266
182,305,0.003532
182,905,0.023347
182,1433,0.070388
182,1725,0.035177
182,1758,0.004243
182,1807,0.003416
182,467,0.043644
182,455,0.049731
182,1821,0.043094
182,1763,0.134809
182,1102,0.062912
182,275,0.044066
182,1733,0.022362
183,700,0.060559
185,1739,0.034883
186,1739,0.047965
187,504,0.035544
187,1311,0.009859
187,1005,0.038320
187,682,0.026417
187,1374,0.005325
187,1196,0.017459
188,1673,0.014216
188,1425,0.002688
188,912,0.014100
188,738,0.070857
188,353,0.013581
188,1739,0.009119
188,1726,0.005234
188,549,0.010617
188,289,0.003957
188,584,0.008408
188,827,0.005351
188,1416,0.006666
188,628,0.034157
188,879,0.029119
188,1829,0.009938
188,1414,0.010698
188,1872,0.016501
188,1374,0.039073
188,1634,0.037073
188,1643,0.002521
188,689,0.018559
188,1185,0.020335
189,1414,0.009952
191,1254,0.015478
191,1739,0.034031
192,973,0.005565
193,1649,0.092476
194,1739,0.056118
195,231,0.045358
195,432,0.026240
195,738,0.018829
195,679,0.018926
195,913,0.018402
195,628,0.044526
195,1726,0.010950
195,1732,0.066644
195,1739,0.014503
195,358,0.003783
195,1390,0.022910
195,1649,0.001240
195,689,0.007572
195,1410,0.053334
197,358,0.001545
197,1559,0.007345
197,611,0.031260
197,514,0.004924
197,1624,0.081085
197,1829,0.024911
197,913,0.011073
197,1414,0.053154
198,628,0.089221
199,1226,0.001539
199,1199,0.008805
199,1185,0.008117
199,1732,0.018853
201,289,0.002845
201,1374,0.046828
201,1739,0.033871
201,1643,0.011686
202,460,0.045572
202,1374,0.083828
203,628,0.003663
1466,1643,0.027681
204,1612,0.047683
204,997,0.022337
204,1223,0.004540
205,628,0.086751
205,432,0.004671
205,1739,0.014564
205,1414,0.008254
205,1254,0.034601
205,340,0.006224
207,1870,0.003097
207,1374,0.005596
207,319,0.024124
208,1199,0.009374
208,432,0.015721
208,431,0.018887
1181,460,0.048083
211,1673,0.163403
211,554,0.021455
211,1829,0.026243
1012,713,0.068266
1012,1050,0.016161
1012,319,0.002984
1012,628,0.006624
1012,1643,0.013213
1012,1872,0.017939
1012,1507,0.026837
213,1739,0.023440
341,1201,0.005407
341,497,0.157121
341,1829,0.030254
341,1223,0.027216
341,628,0.018871
341,1228,0.047290
341,549,0.029285
341,319,0.048964
341,1414,0.004258
341,1254,0.012042
215,1374,0.002798
215,1739,0.013351
216,1082,0.030560
216,287,0.016747
216,628,0.010242
216,781,0.005714
216,290,0.133484
216,1104,0.035477
216,1137,0.030706
216,467,0.039776
216,1196,0.190408
216,988,0.013926
216,923,0.003378
216,1142,0.020169
216,1147,0.059573
216,1366,0.141293
216,1259,0.008282
216,1152,0.015706
216,1311,0.019997
216,305,0.003540
216,1256,0.003301
216,1433,0.009614
216,306,0.011374
216,338,0.046784
216,1758,0.037030
216,1376,0.024512
216,1739,0.034300
216,868,0.029534
216,455,0.014669
216,1511,0.075946
216,1318,0.007527
216,1631,0.025730
216,1344,0.071717
216,1851,0.027469
216,1621,0.024626
216,1320,0.015410
216,1295,0.092525
216,1608,0.144723
216,1297,0.025831
216,751,0.013622
216,1660,0.003001
216,1908,0.068663
216,1821,0.012634
216,1062,0.012137
216,1524,0.011559
216,1677,0.003837
216,1593,0.022385
216,1408,0.016031
216,36,0.086373
216,1721,0.013556
216,1505,0.017479
216,1014,0.055615
216,217,0.003678
216,1068,0.040065
216,1643,0.043369
216,1476,0.055689
216,402,0.012070
216,689,0.014871
216,214,0.020996
216,333,0.057878
217,997,0.010994
219,1199,0.005120
219,1226,0.009409
221,1739,0.049809
221,1374,0.108001
222,1639,0.018890
222,1767,0.170505
224,1199,0.012287
224,431,0.005900
224,1226,0.004910
224,231,0.019947
224,1643,0.008066
224,1732,0.011627
225,689,0.030861
225,720,0.007026
492,441,0.213933
492,1203,0.025595
492,467,0.019491
492,1194,0.057985
492,1297,0.028425
492,1476,0.018812
492,1245,0.009490
492,1631,0.003999
492,1660,0.059156
492,471,0.003193
492,1142,0.004248
492,287,0.013779
492,1365,0.002060
492,1367,0.010436
492,36,0.070890
492,577,0.036877
492,1311,0.008408
492,1844,0.059621
492,1256,0.073038
492,698,0.022485
492,1507,0.026933
492,1758,0.044924
492,1662,0.011993
492,609,0.009548
492,1787,0.054474
492,1821,0.091600
492,1763,0.069656
229,1374,0.004586
229,1739,0.010779
1740,709,0.131199
1740,351,0.003499
231,1136,0.006462
231,1580,0.044226
231,1803,0.033639
231,1034,0.047458
231,414,0.009932
231,261,0.015239
231,1289,0.023269
231,892,0.003320
231,237,0.076534
231,1357,0.011724
231,1199,0.001670
231,309,0.051628
231,1517,0.032335
231,493,0.030241
231,1506,0.017499
231,1208,0.005595
231,1347,0.003039
231,939,0.011526
231,1039,0.015181
231,1655,0.031468
231,1368,0.016226
231,468,0.070018
231,496,0.059725
231,1185,0.018160
231,1100,0.036808
231,1732,0.024781
234,951,0.060182
234,584,0.009598
235,1197,0.015250
235,1507,0.051981
235,1050,0.035022
235,400,0.011365
237,1226,0.018935
237,1199,0.006804
237,580,0.035427
237,1185,0.007839
237,1732,0.023208
238,319,0.023697
239,410,0.006563
242,997,0.013511
243,1643,0.010613
243,1739,0.008784
1017,1739,0.012080
1017,628,0.019748
247,577,0.041418
249,1464,0.016987
250,1240,0.074468
250,319,0.010079
250,628,0.012726
250,460,0.012827
250,1153,0.050522
250,1841,0.016080
250,1185,0.026379
250,1374,0.021074
250,1892,0.021503
251,1150,0.047527
252,997,0.092596
1019,554,0.009417
53,587,0.003027
53,1350,0.025893
53,1681,0.097192
53,1724,0.025674
53,1829,0.015750
53,759,0.015536
53,959,0.022126
260,1673,0.004277
260,921,0.096381
260,289,0.018732
260,618,0.027828
260,675,0.011774
260,750,0.008256
260,1414,0.018583
260,628,0.007283
260,805,0.015778
260,1050,0.004923
260,1293,0.011550
260,1767,0.004476
260,1374,0.022965
260,554,0.017766
260,1870,0.111960
260,1804,0.021906
261,1199,0.006518
261,617,0.041122
261,738,0.011288
261,1226,0.059591
261,1732,0.023611
261,1254,0.021737
261,383,0.011623
261,1841,0.038128
261,827,0.015125
261,1185,0.070539
262,467,0.082942
262,1721,0.007713
262,1311,0.013716
262,1320,0.019394
262,1194,0.031939
262,810,0.029567
262,1125,0.016624
262,698,0.028527
262,1068,0.029525
262,1476,0.002592
262,1660,0.026829
262,870,0.014061
262,894,0.009130
262,1821,0.076298
262,1137,0.012277
262,471,0.024394
262,1763,0.036048
262,455,0.007543
262,928,0.004527
263,467,0.035051
263,698,0.074228
263,1821,0.012782
263,1426,0.002005
263,1476,0.009354
263,1433,0.081219
263,1758,0.010312
263,1245,0.008465
263,928,0.038976
264,628,0.136028
264,432,0.040179
264,340,0.035743
264,1374,0.010167
267,1673,0.049219
267,353,0.005660
267,912,0.008769
267,1739,0.019168
267,738,0.012190
267,628,0.014373
267,1374,0.007956
267,319,0.005514
267,1643,0.039357
274,1739,0.025024
274,1643,0.051006
274,628,0.023548
274,913,0.016951
274,514,0.069459
277,319,0.067347
278,713,0.019493
278,410,0.021845
278,689,0.034206
279,1739,0.018182
280,1892,0.024398
282,980,0.003463
282,1311,0.009097
282,1320,0.006286
282,290,0.023366
282,682,0.015880
282,1486,0.008644
282,1374,0.012977
282,1196,0.010420
282,685,0.020509
282,1741,0.008227
282,467,0.015079
282,504,0.007106
282,1008,0.070460
282,471,0.038491
282,557,0.019671
282,1002,0.101223
282,1829,0.021012
282,1758,0.021806
287,628,0.031650
287,771,0.007284
287,497,0.037958
287,1275,0.081386
287,1370,0.036703
287,549,0.013280
287,1507,0.001508
287,1050,0.050068
287,584,0.012728
287,1063,0.011627
287,1829,0.012656
287,827,0.009045
287,1643,0.004219
287,689,0.676608
287,1667,0.021751
287,1673,0.006340
287,1201,0.006446
287,738,0.009136
287,750,0.018081
287,1223,0.028066
287,1726,0.032385
287,1727,0.007094
287,1767,0.025909
287,328,0.015642
287,1902,0.002461
287,358,0.032989
287,1414,0.010312
287,1447,0.004409
287,1854,0.002829
287,403,0.115743
287,1397,0.006032
289,1239,0.028907
289,1422,0.025034
289,1673,0.014835
289,1896,0.013511
289,504,0.013339
289,536,0.056487
289,1543,0.142165
289,1142,0.020258
289,1837,0.111630
289,303,0.036106
289,1304,0.022651
289,1720,0.031473
289,928,0.029878
289,1476,0.121878
289,577,0.004264
289,764,0.023550
289,1194,0.023065
289,1313,0.044886
289,1593,0.032721
289,428,0.040907
289,1068,0.018672
289,1631,0.078699
289,1662,0.043080
289,467,0.022743
289,147,0.006771
289,1666,0.015382
289,496,0.019631
289,455,0.021962
289,315,0.004255
289,1787,0.706623
289,369,0.027140
289,1259,0.053397
289,784,0.009441
290,479,0.031010
290,771,0.026282
290,921,0.024978
290,403,0.008028
290,1892,0.024723
290,1469,0.015181
290,351,0.055212
290,538,0.017284
290,1507,0.082314
290,1050,0.004626
290,1063,0.021624
290,1542,0.007855
290,410,0.028462
290,805,0.065827
290,611,0.009874
290,412,0.044007
290,628,0.013736
290,328,0.010351
290,1374,0.020809
290,1153,0.022278
290,1634,0.044903
290,340,0.016504
290,704,0.001784
290,1667,0.150961
290,713,0.013921
290,1197,0.038624
290,720,0.053140
290,1228,0.131784
290,1726,0.004915
290,1739,0.051861
290,1753,0.004350
290,1254,0.019105
290,789,0.011564
290,1767,0.018945
290,319,0.025162
290,1829,0.009605
290,1275,0.002913
290,827,0.015075
290,1804,0.009574
290,353,0.056562
290,373,0.006139
290,1414,0.011705
290,396,0.023861
290,400,0.117797
290,1869,0.057164
290,1870,0.019480
290,1872,0.034363
290,750,0.037590
290,1732,0.134951
290,951,0.012066
290,297,0.042425
290,913,0.075533
290,1416,0.035147
291,1673,0.026552
291,738,0.019306
291,628,0.068965
291,913,0.011985
292,1374,0.040227
292,460,0.060114
293,1767,0.015442
295,1374,0.098519
297,467,0.032421
297,1721,0.059721
297,866,0.038888
297,1297,0.065682
297,1068,0.006802
297,781,0.009250
297,1143,0.004437
297,36,0.023379
297,1476,0.024838
297,1660,0.014311
297,654,0.039882
297,369,0.092168
297,1633,0.045585
297,557,0.017197
297,1366,0.050388
297,1280,0.015344
298,1228,0.006904
298,1732,0.012698
299,827,0.031143
299,1732,0.050478
299,1226,0.007770
300,1829,0.035474
300,514,0.003638
1024,1739,0.024102
1024,1673,0.025953
304,1185,0.032689
304,1732,0.015338
305,921,0.006241
305,904,0.005548
305,1275,0.034652
305,1293,0.091508
305,720,0.025080
305,1739,0.004392
305,538,0.023646
305,1507,0.030887
305,1050,0.004747
305,1767,0.027376
305,403,0.008478
305,689,0.006215
305,771,0.019048
305,805,0.009008
305,412,0.019604
305,1872,0.038453
305,1153,0.027814
305,1374,0.010723
305,750,0.051520
305,1634,0.027957
305,675,0.007531
305,1643,0.027296
305,1892,0.021348
305,456,0.007466
305,913,0.010886
306,1197,0.011357
306,720,0.011264
306,358,0.032063
306,1829,0.059648
306,1869,0.008785
306,1872,0.025052
306,1507,0.018255
306,1767,0.013589
306,1892,0.025106
360,1223,0.057980
310,1739,0.046652
311,1739,0.015200
311,705,0.110989
312,513,0.042922
312,1263,0.002509
312,837,0.010131
312,1764,0.006841
312,1782,0.013737
312,966,0.071960
315,1425,0.013378
315,358,0.018914
315,1201,0.050509
315,871,0.010175
315,628,0.004707
315,1726,0.340565
315,549,0.016050
315,913,0.026081
315,1414,0.006345
316,1829,0.078068
317,319,0.007376
317,1869,0.018404
317,1370,0.009702
317,1739,0.012513
318,1469,0.034766
318,997,0.022758
318,1577,0.016210
318,1464,0.009515
318,1471,0.023572
318,403,0.016335
318,951,0.018676
318,1327,0.007974
318,1374,0.004593
318,750,0.076899
318,358,0.018556
318,1624,0.006395
319,1352,0.003597
319,1761,0.011733
319,1077,0.008004
319,866,0.015502
319,1374,0.006433
319,1575,0.005425
319,1710,0.068030
319,1758,0.010895
319,1124,0.009740
319,595,0.011328
319,962,0.011279
319,1557,0.048689
319,1304,0.012727
319,528,0.008868
319,1089,0.013665
319,1311,0.075405
319,790,0.044329
319,995,0.066025
319,81,0.007573
319,428,0.155790
319,1195,0.009542
319,1443,0.008842
319,814,0.024256
319,1000,0.034928
319,388,0.020995
319,602,0.020950
319,1473,0.026949
319,1867,0.027437
319,1825,0.023722
319,951,0.026189
319,682,0.029556
319,1829,0.007557
319,1168,0.007197
319,1297,0.034525
319,1014,0.028123
319,1461,0.006221
319,1821,0.011306
319,725,0.002170
319,818,0.004132
319,1593,0.043006
319,471,0.027709
319,956,0.002987
319,928,0.027443
319,1660,0.029972
319,1132,0.026270
319,1435,0.072610
319,504,0.072104
319,911,0.008299
319,1415,0.032425
319,1150,0.008136
319,1476,0.019074
319,958,0.037788
319,632,0.015174
319,387,0.016607
319,840,0.020959
319,1287,0.001495
322,1643,0.030923
323,1643,0.007125
323,1829,0.045573
323,1841,0.053604
324,1414,0.019126
324,1739,0.096800
325,1829,0.003099
326,1185,0.012339
327,805,0.026606
328,857,0.071675
328,762,0.019485
328,1389,0.012188
328,1726,0.013352
328,769,0.020012
328,583,0.007941
328,566,0.048095
328,1311,0.108891
328,1086,0.011308
328,911,0.030557
331,1643,0.004132
332,1673,0.014273
333,689,0.009408
1448,351,0.067164
335,358,0.023285
335,1370,0.047902
335,1829,0.007116
335,853,0.040845
335,1870,0.006466
335,400,0.018505
1652,1739,0.074287
337,1414,0.013410
337,1185,0.024097
337,340,0.014463
338,1829,0.198772
338,1739,0.011353
340,441,0.030130
340,499,0.004859
340,467,0.105986
340,1426,0.013117
340,1166,0.015869
340,565,0.011973
340,513,0.017369
340,1392,0.002942
340,1492,0.046246
340,923,0.045596
340,1414,0.027725
340,1429,0.031680
340,1589,0.002928
340,432,0.009631
340,630,0.007621
340,1593,0.009068
340,370,0.002122
340,905,0.012633
340,1687,0.128552
340,777,0.039827
340,1232,0.026034
340,1256,0.025985
340,1441,0.082093
340,1711,0.010968
340,1140,0.035985
340,147,0.042464
340,1297,0.009850
340,868,0.066389
340,1259,0.006605
340,1640,0.019597
342,1374,0.024658
342,412,0.047985
342,913,0.006371
343,1869,0.058143
343,1739,0.034569
343,912,0.013935
343,1829,0.035818
346,1864,0.032783
348,628,0.011581
348,432,0.044526
348,1370,0.037744
348,580,0.024562
349,913,0.002283
350,400,0.007193
350,1240,0.018133
1908,1254,0.014029
1908,1397,0.002703
1908,1507,0.019661
1031,679,0.011662
1031,358,0.002402
352,1673,0.024754
352,1414,0.008245
353,1422,0.056572
353,1167,0.003629
353,176,0.033424
353,628,0.011148
353,855,0.005751
353,1086,0.010922
353,1593,0.038737
353,363,0.001765
353,661,0.011009
353,819,0.008395
353,604,0.726388
353,1179,0.092715
353,462,0.008440
353,1232,0.022344
353,1476,0.008800
353,669,0.026875
353,227,0.046852
353,404,0.144058
353,1255,0.008832
353,769,0.053595
353,560,0.002023
270,1374,0.042411
358,1486,0.015917
358,708,0.004008
358,628,0.011885
358,1194,0.036457
358,781,0.014756
358,1297,0.010310
358,376,0.004833
358,603,0.038411
358,416,0.031909
358,1631,0.004023
358,1322,0.010818
358,654,0.009184
358,784,0.024214
358,1557,0.006752
358,1137,0.008149
358,1497,0.009360
358,422,0.011370
358,1249,0.014086
358,666,0.108788
358,928,0.011243
358,661,0.021812
358,491,0.048074
358,1666,0.006697
358,863,0.002699
358,1433,0.019471
358,428,0.034261
358,1258,0.011284
358,1142,0.020654
358,1259,0.048019
358,244,0.024377
358,669,0.024151
358,881,0.236246
358,1821,0.009942
358,1866,0.014948
358,875,0.005633
358,1102,0.005993
358,1320,0.090193
358,777,0.019162
358,1386,0.009036
358,1580,0.004039
358,1147,0.041797
358,746,0.029038
358,747,0.007595
358,1454,0.004111
358,1187,0.041603
358,1799,0.070215
358,565,0.033087
358,868,0.058572
358,686,0.085809
358,1621,0.021462
358,893,0.004907
358,1547,0.024315
358,1593,0.057524
358,1337,0.009136
358,905,0.009081
358,1120,0.011292
358,615,0.007263
358,764,0.011362
358,1014,0.012911
358,1502,0.073797
358,467,0.031596
358,1025,0.032779
358,1786,0.015956
358,1150,0.145004
358,1476,0.023938
358,1855,0.013497
358,1653,0.043366
358,751,0.002487
358,1238,0.056046
358,1485,0.007095
359,1612,0.014613
359,1240,0.004712
359,1223,0.058578
309,1199,0.037702
309,1240,0.009675
309,431,0.008811
309,1226,0.021642
309,1185,0.022589
309,1732,0.019327
361,1226,0.038775
361,1199,0.028752
363,617,0.017485
363,738,0.018399
364,1612,0.031053
364,809,0.044525
643,1416,0.021869
366,1199,0.023757
367,689,0.022905
368,1739,0.044278
369,1673,0.007615
369,1201,0.006663
369,1559,0.009185
369,1726,0.018842
369,549,0.014614
369,1271,0.045826
369,1108,0.006975
369,1829,0.019009
369,1414,0.027972
369,628,0.008454
369,1872,0.017178
369,1634,0.014095
369,453,0.007426
369,913,0.029948
369,1841,0.013629
369,1416,0.004302
372,1643,0.020103
372,1295,0.007149
372,628,0.036041
373,1680,0.003893
373,809,0.056745
373,682,0.032649
373,1829,0.004195
373,957,0.005821
373,1442,0.035574
373,1073,0.015261
373,1041,0.046344
373,460,0.015089
373,887,0.003262
373,970,0.006058
373,1153,0.058310
373,1327,0.014153
373,1496,0.006872
373,472,0.038825
373,1441,0.102095
373,1374,0.026708
373,1758,0.015825
373,467,0.016448
373,1793,0.005457
373,1511,0.043238
373,1275,0.011296
373,1653,0.011092
373,1735,0.034553
373,1196,0.124033
1656,1892,0.017464
375,628,0.008539
376,1872,0.008270
376,514,0.023889
376,1507,0.013496
377,1185,0.034636
379,738,0.012729
383,1767,0.011024
383,1548,0.012124
383,426,0.011495
383,1737,0.024748
383,1580,0.040227
383,1108,0.042679
383,478,0.004422
383,496,0.033131
383,772,0.017466
383,572,0.017092
383,1480,0.038969
383,750,0.013625
383,1199,0.003521
383,692,0.025018
383,1820,0.018503
383,1175,0.010676
384,1692,0.010093
388,1507,0.006116
388,1374,0.067470
388,1892,0.050565
388,460,0.008836
388,1464,0.033320
389,1414,0.022197
389,432,0.033221
390,805,0.033998
390,1739,0.078337
1036,679,0.018031
1036,549,0.055840
1036,1507,0.024202
1036,1767,0.031170
1036,1785,0.061213
1036,913,0.004182
1036,628,0.004583
1036,412,0.003737
1036,689,0.358609
1036,1410,0.010726
393,467,0.007002
393,1415,0.027501
393,1579,0.015617
393,577,0.021607
393,1476,0.034364
393,879,0.024148
393,856,0.039491
393,927,0.013117
395,705,0.002191
395,879,0.040726
395,1667,0.016566
396,1476,0.014671
396,1320,0.018793
396,1660,0.039202
396,1855,0.017350
397,1199,0.030979
397,431,0.023000
397,1732,0.009617
398,997,0.033986
398,432,0.011956
398,495,0.081265
398,1226,0.071406
398,1739,0.065388
399,1727,0.003125
400,1078,0.045880
400,1320,0.007088
400,781,0.022057
400,1646,0.038135
400,1394,0.005117
400,1297,0.033892
400,1113,0.021876
400,1660,0.004522
400,539,0.015571
400,1712,0.003877
400,1173,0.029753
400,1502,0.231056
400,467,0.175320
400,1739,0.002294
400,1787,0.008308
400,455,0.024190
400,1821,0.045180
566,1726,0.202328
403,880,0.012348
403,467,0.002881
403,1701,0.029079
403,1263,0.004436
403,402,0.116893
403,144,0.018750
403,1245,0.018953
403,1758,0.029413
403,1660,0.007105
403,1142,0.011703
403,1489,0.012843
403,1433,0.017043
403,928,0.004976
403,1476,0.014373
403,1086,0.022002
403,1841,0.067652
403,1505,0.022889
403,428,0.005256
403,1068,0.079578
403,921,0.019692
403,1259,0.020591
403,1416,0.036035
403,494,0.064481
403,1787,0.010331
403,1260,0.029413
403,615,0.078001
403,1287,0.008916
403,1733,0.021357
403,275,0.005023
404,738,0.016832
404,617,0.004963
404,628,0.008602
404,514,0.097850
404,1739,0.018649
404,1726,0.052215
404,1872,0.031717
404,1416,0.003538
404,1185,0.003888
404,689,0.034893
407,1050,0.031950
407,1739,0.012340
408,1872,0.051346
408,1295,0.016714
408,1829,0.022755
408,689,0.009398
409,1673,0.021934
409,628,0.046451
409,1892,0.006299
412,1320,0.025483
412,781,0.185473
412,1867,0.004854
412,1297,0.006428
412,988,0.010672
412,1660,0.032667
412,1593,0.009410
412,1476,0.012843
412,577,0.016800
412,1311,0.045494
412,637,0.008407
412,1341,0.067365
412,698,0.053410
412,869,0.035609
412,1376,0.006267
412,1739,0.021696
412,669,0.130490
412,1821,0.011478
412,1259,0.024699
412,880,0.051450
413,1374,0.002788
414,1226,0.049078
414,1199,0.017370
414,1185,0.018274
414,1732,0.007177
415,549,0.001971
415,738,0.034878
415,628,0.087410
415,1226,0.007133
415,827,0.039870
415,705,0.033385
415,1667,0.013709
417,1612,0.015324
417,1295,0.025014
417,1464,0.029874
417,1643,0.010954
417,1223,0.057982
1662,867,0.011127
1662,1829,0.011128
1662,514,0.007748
1662,1293,0.020063
1662,1374,0.022182
1662,912,0.009536
1662,689,0.018223
1662,1841,0.015865
1662,1285,0.011447
418,1390,0.041247
419,1739,0.025352
421,1185,0.062632
666,1185,0.009666
666,1739,0.007078
666,1732,0.006164
666,1727,0.006936
423,1639,0.012395
423,1829,0.034440
423,600,0.085861
424,1739,0.020927
424,679,0.002821
424,1414,0.028726
424,1727,0.028930
425,1739,0.006234
425,1416,0.017466
426,1673,0.010266
426,713,0.007383
426,453,0.030578
426,554,0.085644
426,1829,0.037637
426,1370,0.008138
426,853,0.036428
426,1397,0.007599
428,1692,0.076879
428,497,0.018405
428,1464,0.014881
428,549,0.004094
428,1271,0.038392
428,1293,0.009976
428,1275,0.004651
428,827,0.014251
428,1785,0.016695
428,954,0.084438
428,805,0.040361
428,1739,0.007053
428,1829,0.017817
428,913,0.013322
428,1414,0.065963
428,628,0.034492
428,1643,0.012250
428,1609,0.003651
428,700,0.009948
428,1374,0.041483
428,1727,0.091971
429,479,0.017161
429,1414,0.022637
429,628,0.001507
429,1872,0.001553
429,1374,0.009161
429,1254,0.023775
429,913,0.008411
431,265,0.012176
431,1421,0.018443
431,1199,0.006253
431,1188,0.005207
431,488,0.080948
431,1479,0.025699
433,1811,0.002104
433,1142,0.015912
433,1297,0.078519
433,698,0.055967
433,1068,0.050838
433,1758,0.013807
433,1245,0.018004
433,467,0.006684
433,717,0.009572
433,1807,0.013097
433,628,0.021333
433,1677,0.033948
433,1102,0.019509
433,1593,0.012122
433,275,0.016682
435,1643,0.004272
436,1752,0.041248
436,1643,0.020630
438,1370,0.021139
440,738,0.006768
440,1767,0.007944
440,1226,0.008181
441,479,0.023823
441,720,0.219742
441,1739,0.009759
441,1507,0.043739
441,1063,0.047493
441,827,0.095095
441,1804,0.031044
441,805,0.012285
441,1108,0.078887
441,628,0.032893
441,1390,0.022371
441,689,0.010018
445,1374,0.029221
446,1197,0.011152
447,1829,0.025256
448,628,0.021929
448,1226,0.024686
448,1185,0.009236
448,617,0.010984
451,1643,0.006015
451,628,0.010091
453,1734,0.006747
453,792,0.003857
453,501,0.008534
453,1829,0.018378
453,814,0.008299
453,829,0.007422
453,654,0.117476
453,737,0.113385
453,597,0.017866
453,1681,0.069865
453,1665,0.023375
453,1318,0.021835
453,1763,0.026199
453,391,0.022075
454,1739,0.083563
454,1295,0.002094
454,1634,0.005516
455,1507,0.043048
455,750,0.005320
455,498,0.089283
455,1228,0.013193
455,1197,0.020806
455,904,0.007969
455,584,0.043003
455,1285,0.039743
455,805,0.028658
455,879,0.030316
455,1829,0.015157
455,1612,0.014529
455,1374,0.038506
455,1634,0.010979
455,689,0.046561
455,1692,0.030301
455,789,0.047300
455,1469,0.012035
456,905,0.016363
456,1612,0.129798
456,1297,0.058604
456,1476,0.013509
456,1837,0.014204
457,1416,0.006284
458,1717,0.015083
1447,1661,0.009872
1447,1185,0.045523
1447,751,0.011357
897,904,0.025433
460,916,0.031594
460,1674,0.044469
460,677,0.024895
460,712,0.009871
460,1196,0.041456
460,1846,0.019099
460,1617,0.020159
460,1618,0.024116
460,1037,0.024498
460,1306,0.016831
460,818,0.025630
460,1504,0.003245
460,1756,0.043310
460,1294,0.035376
460,1374,0.044770
460,997,0.037711
460,732,0.081034
460,1680,0.108885
460,1892,0.016032
460,564,0.015788
460,682,0.050165
460,888,0.005048
460,957,0.029776
460,504,0.003894
460,1153,0.020354
460,887,0.024112
460,1178,0.009983
460,970,0.015382
460,971,0.027521
460,1536,0.005529
460,975,0.072914
460,1648,0.031497
460,1653,0.062962
460,701,0.017837
460,472,0.059015
461,689,0.023925
461,1374,0.025996
461,1739,0.066000
462,1414,0.028018
462,628,0.025584
465,1425,0.159650
465,1374,0.035389
707,1612,0.025384
467,497,0.125745
467,498,0.020735
467,514,0.008339
467,1275,0.016941
467,1293,0.061154
467,351,0.054099
467,549,0.025782
467,1507,0.011549
467,1050,0.006019
467,563,0.018005
467,1063,0.012980
467,1667,0.002214
467,410,0.004422
467,1085,0.044239
467,805,0.013818
467,628,0.003403
467,1634,0.002709
467,1639,0.173797
467,689,0.077785
467,704,0.039408
467,709,0.008017
467,1673,0.003380
467,713,0.185939
467,1717,0.004584
467,1469,0.007925
467,853,0.018096
467,1692,0.025091
467,675,0.005893
467,1471,0.004590
467,789,0.048348
467,1829,0.004305
467,1072,0.109032
467,827,0.027083
467,1785,0.002624
467,1296,0.021501
467,867,0.037647
467,1414,0.007063
467,1902,0.018274
467,921,0.108643
467,1872,0.101837
467,929,0.008675
467,1374,0.006931
467,750,0.024710
467,1727,0.005793
467,1892,0.016581
467,1254,0.012314
467,913,0.008105
467,1870,0.012440
468,1692,0.115738
469,1726,0.014066
470,1673,0.019304
470,1201,0.009747
470,689,0.019455
470,628,0.008241
470,1739,0.003937
470,1414,0.017405
470,584,0.009921
471,1425,0.036679
471,713,0.012681
471,675,0.083815
471,1197,0.010062
471,1727,0.029018
471,1293,0.005849
471,720,0.021164
471,1254,0.021547
471,549,0.022226
471,1050,0.014656
471,1051,0.048542
471,1892,0.032318
471,1785,0.058486
471,1507,0.013833
471,1804,0.013105
471,1753,0.028465
471,1739,0.035965
471,1829,0.031726
471,1374,0.031802
471,1717,0.109834
471,951,0.006706
471,689,0.084860
471,789,0.019990
471,913,0.087766
471,1841,0.014840
471,1416,0.044554
471,704,0.001795
472,1374,0.001531
472,879,0.046352
472,1643,0.024860
472,628,0.007177
473,628,0.017768
479,587,0.016871
479,1147,0.020417
479,686,0.028431
479,823,0.042169
479,513,0.001876
479,649,0.013055
479,1142,0.014277
479,1621,0.011183
479,1249,0.007114
479,928,0.010113
479,459,0.003889
479,1179,0.035908
479,514,0.025219
479,698,0.007848
479,1486,0.010886
479,1476,0.029738
479,863,0.256656
479,669,0.015308
479,1787,0.014632
479,881,0.008702
479,1739,0.020517
479,1593,0.062639
479,1701,0.013765
805,843,0.012365
805,1621,0.006087
805,1320,0.008367
805,1194,0.192208
805,1476,0.011995
805,1555,0.065245
805,1660,0.020922
805,815,0.008985
805,1142,0.003245
805,928,0.064097
805,1811,0.134365
805,1721,0.070382
805,905,0.031459
805,698,0.010068
805,1068,0.001712
805,1758,0.030616
805,1807,0.028880
805,1297,0.005010
805,893,0.023534
805,1739,0.027828
805,1593,0.013002
805,1259,0.046330
805,275,0.005587
805,836,0.109927
482,1397,0.014854
483,827,0.013501
483,954,0.032389
486,1374,0.075520
488,1199,0.068573
488,1559,0.010448
488,1829,0.086445
488,1223,0.011018
488,1732,0.017225
488,1612,0.004124
488,535,0.021540
488,1254,0.017193
488,913,0.006158
489,738,0.043831
489,1414,0.015739
489,1416,0.029181
491,1293,0.010941
491,1254,0.043798
491,1374,0.035005
491,912,0.137491
491,675,0.010169
491,1063,0.002939
491,1739,0.050302
1675,1673,0.014444
1675,1295,0.012668
1675,617,0.013242
493,1673,0.004944
493,1739,0.017696
493,954,0.024014
493,1390,0.004980
493,689,0.017924
493,1692,0.004882
494,1673,0.024021
